date_for_plan,member_id,name,risk_score,risk_level,strategy,risk_explanation,plan_text,offer_suggestions
2025-05-05,1,Rami 1,0.9358533921119832,HIGH,recovery,"- Rami's low mood combined with high stress levels may be contributing to a lack of motivation for workouts and recovery, impacting his muscle gain goals.  
- Despite adequate sleep duration, the persistent fatigue suggests that the quality of sleep may not be sufficient to support his overall energy and recovery needs.  
- Limited physical activity on most days could further exacerbate his low mood and stress, creating a cycle that hinders both mental and physical progress.","****  
Rami, let's focus on gentle movements and relaxation techniques this week to help lift your mood and reduce stress. Small, manageable changes can lead to big improvements in your journey towards muscle gain.  
(Day 1: sleep target 7-8 hours + activity suggestion 20-minute brisk walk + relaxation technique deep breathing exercises)  
(Day 2: sleep target 7-8 hours + activity suggestion light stretching + relaxation technique guided meditation)  
(Day 3: sleep target 7-8 hours + activity suggestion 30-minute yoga + relaxation technique journaling for gratitude)  

**","** yoga class, personal training session, stress-coaching session"
2025-05-05,2,Lina 2,0.14663767412888803,LOW,performance,"### Internal Note for Coach

- Lina's consistently low mood may be influenced by her limited sleep duration, potentially affecting her energy levels and overall emotional state.
  
- Although her stress and fatigue levels are low, the combination of adequate but not optimal rest and her active schedule could be leaving her feeling somewhat depleted, impacting her motivation.

- The consistent physical activity is positive, but without sufficient recovery from both sleep and emotional fatigue, she may be struggling to fully benefit from these workouts. Encouraging balance in her routine could be beneficial.","Lina, let’s focus on enhancing your rest and relaxation this week. Small adjustments can lead to significant improvements in your mood and energy levels.  
(Day 1: sleep target 7 hours + light walk + deep breathing exercises)  
(Day 2: sleep target 7 hours + yoga class + guided meditation)  
(Day 3: sleep target 7 hours + swimming + progressive muscle relaxation)","yoga class, stress-coaching session, nutrition consultation"
2025-05-05,3,Layla 3,0.7817741190375718,HIGH,recovery,"**Internal Notes for Coach: Layla 3**

- Layla's low mood may be influenced by high fatigue levels, which can drain her energy and motivation, impacting her overall emotional state.
  
- Although stress is reported as low, her adequate yet limited sleep might be contributing to feelings of sluggishness, making it difficult for her to fully engage in physical activities and social interactions.

- With only two days of activity in the past week, the lack of consistent movement could hinder her mood improvement and energy levels, potentially creating a cycle of inactivity and low motivation.","Hey Layla, let's focus on gentle strategies to help boost your mood and energy levels this week. Remember, small steps can lead to big improvements.

(Day 1: sleep target 7 hours + activity suggestion: short walk + relaxation technique: deep breathing exercises)  
(Day 2: sleep target 7.5 hours + activity suggestion: gentle yoga + relaxation technique: guided meditation)  
(Day 3: sleep target 7 hours + activity suggestion: light stretching + relaxation technique: journaling)","yoga class, mobility class, stress-coaching session"
2025-05-05,4,Sarah 4,0.43785698707026166,MEDIUM,balanced,"- Sarah's low mood and high stress may be contributing to her struggles with motivation and adherence to her fitness goals, making it harder for her to engage fully in her routine.

- Adequate sleep is a positive factor, but 6.5 hours may not be enough for optimal recovery and energy levels, potentially affecting her overall energy and workout performance.

- Limited physical activity days suggest she might be feeling fatigued or unmotivated, which could further impact her mood and stress management, creating a cycle that hinders her progress.","****
Sarah, I understand things have been tough lately, but small steps can help brighten your mood and support your goals. Let's focus on improving your sleep and introducing gentle activities to boost your energy.

(Day 1: sleep target 7 hours + activity suggestion 20-minute walk + relaxation technique deep breathing)  
(Day 2: sleep target 7 hours + activity suggestion gentle yoga + relaxation technique guided meditation)  
(Day 3: sleep target 7 hours + activity suggestion 15-minute stretching session + relaxation technique nature sounds)

**","** yoga class, stress-coaching session, nutrition consultation"
2025-05-05,5,Layla 5,0.6834721633786672,MEDIUM,balanced,"- Layla’s low mood combined with high stress levels may be impacting her motivation and commitment to her fat loss goal, creating mental barriers during workouts and nutrition planning.  
- Despite being active regularly, the accumulated sleep debt could contribute to her overall fatigue, affecting her energy levels and performance in both training and daily activities.  
- It's important to consider the potential interplay between her stress and sleep quality; addressing these factors could enhance her mood and overall progress.","Layla, it’s important to be gentle with yourself during this time. Let's focus on balance and small steps to lift your mood and energy.  
(Day 1: sleep target 7 hours + activity suggestion brisk walk + relaxation technique deep breathing)  
(Day 2: sleep target 7 hours + activity suggestion yoga class + relaxation technique progressive muscle relaxation)  
(Day 3: sleep target 7 hours + activity suggestion mobility class + relaxation technique guided meditation)","yoga class, mobility class, nutrition consultation"
2025-05-05,6,Layla 6,0.026260324724319852,LOW,performance,"- Layla's low mood may be influencing her motivation and overall engagement with her fitness goals, impacting her consistency in her routine.  
- Though stress levels are low, her inadequate sleep duration could contribute to feelings of fatigue, hindering her energy levels and workout performance.  
- The limited physical activity on only a few days suggests she might be struggling to incorporate regular movement into her daily life, which can further affect her mood and overall well-being.","Hi Layla, I believe we can turn things around together. Let’s focus on boosting your mood and energy to support your fat loss journey.  
(Day 1: sleep target 7 hours + activity suggestion: 20-minute brisk walk + relaxation technique: deep breathing for 5 minutes)  
(Day 2: sleep target 7 hours + activity suggestion: 30 minutes of light stretching + relaxation technique: listen to calming music)  
(Day 3: sleep target 7 hours + activity suggestion: yoga session + relaxation technique: journaling for 10 minutes)","yoga class, mobility class, nutrition consultation"
2025-05-05,7,Sami 7,0.923059124008546,HIGH,recovery,"### Internal Note on Member: Sami 7

- **Mood Fluctuations:** Sami’s low mood could be linked to elevated stress levels, which may not only impact daily activities but also affect motivation for physical activity. 

- **Fatigue Factors:** High fatigue levels, despite adequate sleep, may indicate that the quality of rest isn't truly restorative for Sami, potentially exacerbating stress and contributing to a cycle of low energy and mood.

- **Activity Patterns:** While there was some physical activity, it appears inconsistent. Regular engagement in exercise is crucial for stress reduction, and the lack of a steady routine may hinder Sami’s ability to cope effectively with stressors. 

Let's focus on strategies for improving mood and providing support for regular activity.","Sami, remember to be gentle with yourself during this time. Let’s find ways to help you recharge and feel more balanced.  
(Day 1: sleep target 7.5 hours + activity suggestion light yoga + relaxation technique deep breathing)  
(Day 2: sleep target 7.5 hours + activity suggestion 30-minute walk + relaxation technique guided meditation)  
(Day 3: sleep target 7.5 hours + activity suggestion gentle stretching + relaxation technique visualization)","yoga class, stress-coaching session, nutrition consultation"
2025-05-05,8,Maya 8,0.16957959501103195,LOW,performance,"### Internal Note for Coach

- Maya's recent low mood could be impacting her motivation and enthusiasm for workouts, which may hinder her muscle gain goals.
- With generally adequate sleep but a slight sleep debt, she might not be fully recovering, affecting her energy levels and performance in training sessions.
- While her activity levels are consistent, they may not be intense enough to align with her muscle gain objectives, necessitating adjustments to her workout intensity or structure.","Maya, I know you're aiming for muscle gain, and it's important to nurture both your body and mind. Let's focus on enhancing your energy and motivation this week!

(Day 1: sleep target 7 hours + activity suggestion strength training + relaxation technique deep breathing)  
(Day 2: sleep target 7 hours + activity suggestion HIIT workout + relaxation technique guided meditation)  
(Day 3: sleep target 7 hours + activity suggestion light cardio + relaxation technique gentle stretching)","personal training session, nutrition consultation, stress-coaching session"
2025-05-05,9,Lina 9,0.9530648875159589,HIGH,recovery,"- Lina has been experiencing elevated stress and fatigue, which can significantly impact her mood and overall sense of well-being. This may hinder her motivation to engage in physical activity, essential for stress reduction.

- While her sleep quality seems adequate, the high fatigue level suggests that she may not be feeling fully rested or rejuvenated, potentially affecting her energy levels throughout the day.

- With only 2 days of physical activity in the past week, Lina may not be receiving enough endorphin-boosting exercise to counteract her stress and uplift her mood, indicating the need for tailored encouragement to gradually increase her activity levels.","Lina, let's focus on gentle ways to bring more relaxation and positivity into your week. Small, consistent efforts can lead to great results in reducing your stress.  
(Day 1: sleep target 7.5 hours + activity suggestion 20-minute walk + relaxation technique deep breathing exercises)  
(Day 2: sleep target 7.5 hours + activity suggestion gentle yoga session + relaxation technique visualization)  
(Day 3: sleep target 7.5 hours + activity suggestion 15-minute stretching routine + relaxation technique progressive muscle relaxation)","yoga class, stress-coaching session, mobility class"
2025-05-05,10,Maya 10,0.02278433292622068,LOW,performance,"### Internal Note for Coach

- Maya’s low mood may be linked to her recent lifestyle patterns, despite maintaining regular physical activity. This disconnect can sometimes lead to emotional and psychological challenges.
  
- Although her stress and fatigue levels are low, the adequacy of her sleep might not be fully restorative, potentially affecting her overall energy and recovery, which are crucial for muscle gain. 

- Continued close monitoring of her mood and energy levels during workouts will be important, as these factors can significantly influence her progress towards her muscle gain goal.","Maya, let’s focus on boosting your energy and mood while we work towards your muscle gain goal! Incorporating some restorative practices can help enhance your overall well-being.  
(Day 1: sleep target 7.5 hours + activity suggestion: strength training + relaxation technique: deep breathing)  
(Day 2: sleep target 7 hours + activity suggestion: light cardio + relaxation technique: meditation)  
(Day 3: sleep target 7.5 hours + activity suggestion: upper body workout + relaxation technique: gentle yoga)","yoga class, personal training session, nutrition consultation"
2025-05-05,11,Sami 11,0.007982706379457565,LOW,performance,"- Sami's low mood, despite consistent physical activity, suggests a potential disconnection between exercise and emotional well-being, indicating that activity alone may not be sufficient for stress reduction at this time.

- Even with adequate sleep duration, the prolonged low mood could point to underlying psychological factors that may need to be addressed, such as coping strategies or emotional support.

- The low levels of perceived stress and fatigue, while seemingly positive, may indicate a lack of engagement or lower motivation, suggesting that we may need to explore varied activities or support systems to enhance overall mood.","Sami, it's great to see your commitment to physical activity. Let's blend in some relaxation techniques and new activities to uplift your mood.  
(Day 1: sleep target 7.5 hours + activity suggestion: gentle yoga class + relaxation technique: deep breathing exercises)  
(Day 2: sleep target 7.5 hours + activity suggestion: mobility class + relaxation technique: guided imagery)  
(Day 3: sleep target 7.5 hours + activity suggestion: pilates session + relaxation technique: progressive muscle relaxation)","yoga class, mobility class, pilates session"
2025-05-05,12,Karim 12,0.009243468120967662,LOW,performance,"### Internal Note for Coach

- **Mood and Activity Levels**: Karim's low mood combined with limited physical activity may be contributing to feelings of disengagement, impacting overall motivation and energy levels.

- **Sleep Quality**: Although his sleep duration seems adequate, the quality might not be optimal, which could affect his mood and energy, leading to a cycle of inactivity.

- **Balance of Stress and Fatigue**: With both stress and fatigue at low levels, there seems to be an opportunity to explore additional strategies that could enhance his overall well-being and help shift his mood positively.","Karim, let's focus on boosting your mood and activity levels this week. Small steps can lead to significant improvements in your overall health.  
(Day 1: sleep target 7 hours + activity suggestion: 20-minute walk + relaxation technique: deep breathing)  
(Day 2: sleep target 7 hours + activity suggestion: gentle stretching + relaxation technique: guided meditation)  
(Day 3: sleep target 7 hours + activity suggestion: 30-minute bike ride + relaxation technique: progressive muscle relaxation)","yoga class, stress-coaching session, nutrition consultation"
2025-05-05,13,Layla 13,0.007633385340350071,LOW,performance,"- Layla's low mood may stem from a combination of factors, including potential external pressures or changes not immediately evident, which can impact her overall motivation towards her muscle gain goals.

- Despite sufficient sleep duration, her mood and energy levels suggest that the quality of sleep or other lifestyle factors may be impacting her recovery and mental state.

- While she has maintained regular activity, the consistent engagement could lead to fatigue if not balanced with adequate recovery, which might be affecting her enthusiasm and performance in workouts.","Layla, remember that it's okay to experience low moods sometimes. Let's focus on nurturing your body and mind for your muscle gain journey.  
(Day 1: sleep target 8 hours + activity suggestion strength training + relaxation technique deep breathing)  
(Day 2: sleep target 8 hours + activity suggestion light cardio + relaxation technique gentle stretching)  
(Day 3: sleep target 8 hours + activity suggestion yoga + relaxation technique visualization)","yoga class, personal training session, nutrition consultation"
2025-05-05,14,Lina 14,0.054138633998154766,LOW,performance,"**Internal Note for Coach: Lina**

- Lina's low mood could be linked to inadequate sleep duration, potentially impacting her overall sense of well-being and emotional stability. 

- Although her stress and fatigue levels are low, the combination of limited sleep and potentially inconsistent sleep quality may hinder her recovery and resilience.

- While she has been consistently active, the nature and intensity of her activities might not be aligning with her stress reduction goals, possibly affecting her mood improvement.","Lina, let's focus on improving your sleep quality and incorporating activities that promote relaxation. This combination can help elevate your mood and reduce stress.  
(Day 1: sleep target 7 hours + light stretching + deep breathing exercises)  
(Day 2: sleep target 7 hours + walk in nature + guided meditation)  
(Day 3: sleep target 7 hours + gentle yoga + journaling)","yoga class, stress-coaching session, nutrition consultation"
2025-05-05,15,Lina 15,0.9965927489271256,HIGH,recovery,"### Internal Note for Coach

- Lina's low mood and high stress levels may be linked to her insufficient sleep, as consistent short sleep can significantly impact emotional regulation and stress resilience. 

- Elevated fatigue likely contributes to her decreased motivation for physical activity, which is essential for stress reduction and mood enhancement.

- The limited physical activity, despite being active on a couple of days, may not be enough to combat the stress and fatigue she is experiencing, highlighting the need for a tailored plan to improve both her activity and sleep patterns.","Lina, I’m here to support you in creating a calmer and more balanced week ahead. Let's focus on improving your sleep, activity, and relaxation.  
(Day 1: sleep target 7 hours + activity suggestion gentle walk for 20 minutes + relaxation technique deep breathing for 5 minutes)  
(Day 2: sleep target 7 hours + activity suggestion light stretching for 15 minutes + relaxation technique guided imagery for 10 minutes)  
(Day 3: sleep target 7 hours + activity suggestion yoga for 30 minutes + relaxation technique mindfulness meditation for 5 minutes)","yoga class, pilates session, stress-coaching session"
2025-05-05,16,Rami 16,0.0036292729215215472,LOW,performance,"### Internal Note - Rami's Assessment

- Rami's low mood may be impacting his motivation for workouts, despite adequate sleep and low fatigue levels. Emotional well-being can significantly influence performance and engagement in training.

- Although stress levels are low, the duration of physical activity over the week indicates that he may not be fully utilizing opportunities for movement, which can help elevate mood and energy.

- The combination of a generally low mood, with limited physical engagement, may hinder his progress towards his muscle gain goals. Encouragement for consistency in activity and exploring his emotional state during sessions could be beneficial.","Hey Rami, I know you're feeling a bit low, but let's focus on small steps to lift your mood and boost your muscle gain journey. Regular movement and some relaxation techniques can really help.  
(Day 1: sleep target 8 hours + activity suggestion strength training + relaxation technique deep breathing)  
(Day 2: sleep target 8 hours + activity suggestion light cardio + relaxation technique guided meditation)  
(Day 3: sleep target 8 hours + activity suggestion bodyweight exercises + relaxation technique progressive muscle relaxation)","personal training session, nutrition consultation, stress-coaching session"
2025-05-05,17,Jad 17,0.02274644235711474,LOW,performance,"- Jad's low mood may be impacting his motivation and overall engagement in his muscle gain journey, making it challenging for him to stay committed to his workouts and nutrition.

- Although his stress levels are low, the adequate but not optimal sleep suggests he may not be fully recovering, which can hinder his energy levels and performance during training.

- With only a few days of physical activity last week, this limited engagement could contribute to feelings of low mood and a lack of progression toward his goals, potentially leading to frustration.","Hey Jad, I understand that you're feeling a bit low, but I'm here to support you on your journey to gain muscle and feel better. Let's focus on small steps each day to lift your mood and boost your motivation.  
(Day 1: sleep target 7 hours + activity suggestion: light strength training + relaxation technique: deep breathing exercises)  
(Day 2: sleep target 7 hours + activity suggestion: yoga class + relaxation technique: progressive muscle relaxation)  
(Day 3: sleep target 7 hours + activity suggestion: mobility class + relaxation technique: mindfulness meditation)","yoga class, mobility class, nutrition consultation"
2025-05-05,18,Lina 18,0.002182621817858432,LOW,performance,"- Despite ample sleep duration, Lina's low mood may indicate challenges in sleep quality or mental health factors that aren’t being addressed through physical activity alone.  
- Although stress and fatigue levels are low, the consistent low mood suggests she may benefit from additional coping strategies or social support, as physical activity alone might not be sufficient for emotional well-being.  
- Regular activity is a positive, but if it lacks variety or social engagement, it might not fully cater to her stress reduction goals, warranting a closer look at her workout routine and mental health support.","Lina, it's great to see your commitment to physical activity! Let's also explore some additional strategies to uplift your mood and reduce stress.  
(Day 1: sleep target 8 hours + activity suggestion join a yoga class + relaxation technique deep breathing exercises)  
(Day 2: sleep target 8 hours + activity suggestion try a mobility class + relaxation technique guided visualization)  
(Day 3: sleep target 8 hours + activity suggestion attend a pilates session + relaxation technique journaling your thoughts)","yoga class, mobility class, pilates session"
2025-05-05,19,Nour 19,0.005499070023363781,LOW,performance,"- Nour’s mood has been low, which may impact motivation and adherence to fat loss goals, reflecting potential emotional or psychological factors affecting engagement with fitness routines.  
- Despite adequate sleep duration, the low mood could indicate issues with sleep quality or satisfaction, which might be contributing to her overall energy levels and enthusiasm for physical activity.  
- While she has been active on 4 days, the low stress and fatigue levels suggest she may need further encouragement for consistency in her routine, possibly needing a boost in her exercise intensity or variation to re-engage her interest.","Nour, I’m here to support you as you navigate these feelings and work towards your goals. Let’s focus on gentle activities that uplift your spirit.  
Day 1: sleep target 8 hours + activity suggestion: gentle yoga class + relaxation technique: deep breathing exercises  
Day 2: sleep target 8 hours + activity suggestion: walk in nature + relaxation technique: visualization meditation  
Day 3: sleep target 8 hours + activity suggestion: mobility class + relaxation technique: progressive muscle relaxation","yoga class, mobility class, stress-coaching session"
2025-05-05,20,Maya 20,0.05484558834330929,LOW,performance,"### Internal Note for Coach

- Maya's low mood could be impacting her motivation and engagement in her fat loss journey, which may hinder her overall progress.
- Although her stress and fatigue levels are low, the average sleep duration might not be sufficient for optimal recovery and wellness, potentially affecting her energy levels.
- Despite consistent physical activity, the underlying emotional state may be overshadowing her efforts, making it important for us to provide additional support and encouragement.","Maya, let's focus on gently uplifting your mood while we work towards your fat loss goal. Remember, it's okay to ask for support along the way.  
(Day 1: sleep target 7 hours + activity suggestion: 20-minute walk + relaxation technique: deep breathing exercises)  
(Day 2: sleep target 7 hours + activity suggestion: gentle yoga for 30 minutes + relaxation technique: mindfulness meditation)  
(Day 3: sleep target 7 hours + activity suggestion: strength training session + relaxation technique: progressive muscle relaxation)","yoga class, personal training session, nutrition consultation"
2025-05-05,21,Jad 21,0.9749211008900001,HIGH,recovery,"- **Mood and Stress:** Jad's low mood and high stress levels may be hindering motivation and commitment to his fat loss goals, making it difficult for him to engage fully in workouts or meal planning.

- **Fatigue and Activity:** High fatigue combined with only moderate physical activity could be contributing to a sense of overwhelm, impacting his energy for workouts and overall well-being.

- **Sleep Quality:** Even though sleep duration is adequate, slight sleep debt can affect recovery and mood, which could further exacerbate feelings of stress and fatigue.","Jad, it's important that we focus on recovery and restoring your energy this week. Let's take gentle steps to improve your mood and reduce stress.  
(Day 1: sleep target 7.5 hours + activity suggestion: 20-minute walk + relaxation technique: deep breathing exercises)  
(Day 2: sleep target 7.5 hours + activity suggestion: light stretching + relaxation technique: visualization meditation)  
(Day 3: sleep target 7.5 hours + activity suggestion: 30-minute yoga session + relaxation technique: progressive muscle relaxation)","yoga class, nutrition consultation, stress-coaching session"
2025-05-05,22,Jad 22,0.9908184555687906,HIGH,recovery,"**Internal Note for Coach: Jad's 7-Day Summary**

- Jad's low mood and high stress levels may be contributing to a decreased motivation for workouts, which is evident in the limited physical activity throughout the week.
- With a sleep duration that falls short of optimal recovery, combined with increased fatigue, Jad might struggle to engage fully in training sessions and muscle gain efforts.
- The combination of high fatigue and low activity could be leading to a cycle where Jad feels overwhelmed, making it challenging to stay consistent with his fitness goals. 

Let's consider strategies to support him mentally and physically during our next check-in.","Jad, it’s important to take gentle steps toward your goals. Let's focus on recovery and ease into a routine that helps lift your spirits.

Day 1: sleep target 7 hours + activity suggestion light stretching + relaxation technique deep breathing  
Day 2: sleep target 7 hours + activity suggestion 20-minute walk + relaxation technique meditation  
Day 3: sleep target 7 hours + activity suggestion gentle yoga + relaxation technique visualization","yoga class, stress-coaching session, nutrition consultation"
2025-05-05,23,Lina 23,0.033315652177221065,LOW,performance,"**Internal Note: Lina's 7-Day Summary**

- Despite regular physical activity, Lina's ongoing low mood may be impacting her motivation and adherence to her fat loss goals, potentially affecting her overall energy and enthusiasm during workouts.
  
- While her sleep has been adequate, even minimal sleep debt can contribute to feelings of fatigue, possibly making her workouts feel more challenging and less enjoyable.

- The combination of a low mood and fatigue can create a cycle where Lina may feel less inclined to push herself, even during her regular activities, which could affect her progress.","****
Lina, it's great to see you staying active. Let's work together to uplift your mood and enhance your wellness journey.  
(Day 1: sleep target 7 hours + activity suggestion: brisk walk + relaxation technique: deep breathing exercises)  
(Day 2: sleep target 7 hours + activity suggestion: yoga class + relaxation technique: visualization)  
(Day 3: sleep target 7 hours + activity suggestion: light strength training + relaxation technique: journaling)  

**","** yoga class, stress-coaching session, nutrition consultation"
2025-05-05,24,Karim 24,0.996803396188426,HIGH,recovery,"### Internal Note on Member: Karim

- Karim's low mood and high stress may be directly linked to his insufficient sleep and overall fatigue, impacting his motivation and energy levels.
- The lack of physical activity likely contributes to his feelings of lethargy and may exacerbate his stress, creating a cycle that is difficult for him to break out of.
- Addressing his sleep patterns and encouraging regular, manageable physical activity could help improve both his mood and overall well-being.","Karim, let's focus on improving your sleep and incorporating gentle physical activity to help lift your mood. Take it one day at a time, and remember to be kind to yourself.  
(Day 1: sleep target 7 hours + activity suggestion gentle walk for 20 minutes + relaxation technique deep breathing exercises)  
(Day 2: sleep target 7 hours + activity suggestion 30-minute yoga class + relaxation technique guided meditation)  
(Day 3: sleep target 7 hours + activity suggestion light stretching + relaxation technique journaling for 10 minutes)","yoga class, stress-coaching session, nutrition consultation"
2025-05-05,25,Omar 25,0.18168055508492387,LOW,performance,"- Omar's low mood may be impacting his motivation and overall adherence to his fat loss goals, potentially leading to challenges in maintaining a positive mindset around his progress.
  
- Despite low stress and fatigue levels, the short sleep duration could affect his recovery and energy levels, which might contribute to his overall feelings of sluggishness.

- Although he's been consistently active, the combination of insufficient sleep and low mood may hinder his ability to push harder in workouts or maintain optimal performance.","Omar, it's great to see your dedication! Let's focus on enhancing your sleep and mood this week.  
(Day 1: sleep target 7.5 hours + activity suggestion: brisk walk + relaxation technique: deep breathing)  
(Day 2: sleep target 7.5 hours + activity suggestion: light strength training + relaxation technique: meditation)  
(Day 3: sleep target 7.5 hours + activity suggestion: cycling + relaxation technique: gentle stretching)","yoga class, nutrition consultation, stress-coaching session"
2025-05-05,26,Layla 26,0.0020047506772333063,LOW,performance,"**Internal Note for Coach: Layla**

- Despite maintaining a regular activity schedule, Layla's low mood may indicate underlying emotional fatigue or a need for varied engagement in her routines.  
- Her consistent sleep patterns reflect adequate rest, yet her low energy levels could suggest a lack of mental stimulation or motivation beyond physical activity.  
- With low stress levels, there may be an opportunity to explore personal interests or social connections that could enhance her overall well-being and uplift her mood.","Layla, it's wonderful to see you taking care of your health. Let's incorporate some engagement and relaxation to lift your mood.  
(Day 1: 8.0 hours + try a gentle yoga class + practice deep breathing for 10 minutes)  
(Day 2: 8.0 hours + join a mobility class + take a walk outside for fresh air)  
(Day 3: 8.0 hours + attend a pilates session + do some light journaling before bed)","yoga class, mobility class, pilates session"
2025-05-05,27,Maya 27,0.4593763660775161,MEDIUM,balanced,"- Maya's low mood could be contributing to her challenges with motivation and engagement in her fat loss journey, potentially leading to a lack of consistency in her workouts and nutrition.  
- Moderate stress and fatigue suggest that she may not be fully recovering from recent activities, which can impact both her mental state and physical performance.  
- Although she is getting sufficient sleep, her overall activity levels have been low, which might be exacerbating her feelings of fatigue and affecting her energy levels throughout the day.","Hey Maya, I want you to feel empowered in your journey. Let's focus on small, manageable steps that can lift your mood and enhance your energy.  
(Day 1: sleep target 8 hours + activity suggestion light walk for 20 minutes + relaxation technique deep breathing exercises)  
(Day 2: sleep target 8 hours + activity suggestion yoga class + relaxation technique guided meditation)  
(Day 3: sleep target 8 hours + activity suggestion mobility class + relaxation technique journaling)","yoga class, mobility class, nutrition consultation"
2025-05-05,28,Layla 28,0.5736100137719656,MEDIUM,balanced,"- Layla's mood has been low, which may contribute to her moderate stress levels; this can create a cycle that makes it harder for her to engage in stress-reducing activities.
- Moderate fatigue may be impacting her motivation to participate in physical activity, despite being active on some days; feelings of tiredness can hinder movement and exercise.
- While her sleep has been adequate, the slight sleep debt could affect her overall energy levels and mood stability, making it challenging for her to feel fully engaged and present.","Layla, let's focus on gentle activities and relaxation techniques to help you feel more at ease. Together, we’ll create a nurturing routine for the coming days.

(Day 1: sleep target 7 hours + activity suggestion gentle walk + relaxation technique deep breathing)  
(Day 2: sleep target 7 hours + activity suggestion gentle yoga session + relaxation technique guided meditation)  
(Day 3: sleep target 7 hours + activity suggestion light stretching + relaxation technique visualization exercise)","yoga class, stress-coaching session, nutrition consultation"
2025-05-05,29,Rami 29,0.9469947314714962,HIGH,recovery,"- Rami's low mood and high fatigue levels may be linked to insufficient sleep, which can significantly impact overall wellbeing and motivation for exercise. 

- Moderate stress levels can contribute to emotional eating or decreased focus on nutrition, making it harder to adhere to fat loss goals.

- Although Rami has been consistently active, the lack of restorative sleep can hinder recovery and performance, potentially leading to feelings of frustration or discouragement in his fitness journey.","Rami, it's important to prioritize your rest to improve your mood and energy levels. Let's focus on gentle activities and relaxation techniques for the next few days.  
(Day 1: sleep target 7 hours + activity suggestion light stretching + relaxation technique deep breathing)  
(Day 2: sleep target 7 hours + activity suggestion brisk walking + relaxation technique guided meditation)  
(Day 3: sleep target 7 hours + activity suggestion gentle yoga + relaxation technique progressive muscle relaxation)","yoga class, nutrition consultation, stress-coaching session"
2025-05-05,30,Maya 30,0.0015917452510215684,LOW,performance,"### Internal Note for Coach

- Maya's mood has been notably low this week, which could be impacting her overall motivation and engagement in activities. 
- Despite adequate sleep, her physical activity levels, though regular, may not be stimulating enough to elevate her overall mood and energy. 
- The combination of low mood and limited stress suggests she may be experiencing emotional fatigue, which can often manifest as a lack of enthusiasm for her fitness goals.","Hi Maya, I understand that this week has been a bit challenging for you. Let's focus on small, uplifting steps to support your overall health.

(Day 1: sleep target 7-8 hours + activity suggestion 30-minute walk + relaxation technique deep breathing exercises)  
(Day 2: sleep target 7-8 hours + activity suggestion 20 minutes of yoga + relaxation technique visualization)  
(Day 3: sleep target 7-8 hours + activity suggestion 30-minute pilates session + relaxation technique progressive muscle relaxation)","yoga class, pilates session, stress-coaching session"
